"","pdb","scale.ddg","cor.ddg","cor.lms","cor.ddgPlms","r2.ddgPlms","r2.lms","r2.ddg","unique.ddg","unique.lms","common.ddgORlms","aic.ddgPlms","aic.lms","aic.ddg"
"1","132L",0.877141644588416,0.650603759138532,0.542225691230672,0.674573295126154,0.455049130497357,0.294008700230581,0.423285251405189,0.161040430266777,0.0317638790921687,0.262244821138412,1.49946714195749,1.72420537368727,1.53889238271709
"2","13PK",1.29701335540646,0.552522188351976,0.626177374254796,0.653401974293328,0.426934140010419,0.392098104028632,0.305280768621257,0.0348360359817876,0.121653371389162,0.270444732639469,2.18333964391202,2.23254905128133,2.3709331202402
"3","1A26",0.915083461169139,0.607518741634605,0.614345021177259,0.676721173957618,0.457951547282577,0.377419805045287,0.369079021437293,0.0805317422372906,0.0888725258452839,0.288547279200003,1.41686155917178,1.54375147843829,1.56285646719656
"4","1A2T",0.887051298613184,0.560658751275618,0.447417215290023,0.565475733992375,0.319762805734216,0.200182164537879,0.314338235381935,0.119580641196337,0.00542457035228072,0.194757594185598,1.69657384306744,1.82703513395816,1.68865508454219
"5","1A4L",1.00077954638172,0.64695865332093,0.636345656087878,0.701679458882894,0.492354063018191,0.404935794021911,0.418555499106832,0.0874182689962796,0.0737985639113595,0.331137230110552,1.75199264461997,1.89914831115528,1.88184218591071
"6","1A65",1.14098503839351,0.636540910096063,0.603648745288948,0.68203039107146,0.465165454345088,0.364391807688921,0.405184330225925,0.100773646656167,0.0599811241191638,0.304410683569758,1.51879693816743,1.68337379104639,1.62105899428122
"7","1A8H",1.43186465366134,0.329267156569196,0.261054210295633,0.339287903925961,0.115116281750473,0.0681493007130765,0.108416860395163,0.046966981037396,0.00669942135530914,0.0614498793577674,2.77938462042835,2.82298765739337,2.78286222495813
"8","1A8S",1.78389588902654,0.633549550086788,0.533839583858658,0.659141795457926,0.434467906519498,0.284984701294385,0.401385032415172,0.149483205225113,0.0330828741043257,0.251901827190059,2.02391097130592,2.24341193276544,2.07321661083232
"9","1AF7",1.02549081802295,0.549987172730172,0.618658251138542,0.652423935605616,0.425656991751121,0.3827380317018,0.302485890167728,0.0429189600493218,0.123171101583393,0.259566930118406,1.77035297264431,1.82744006785195,1.95713136736699
"10","1AGM",1.29804948052988,0.672772145072619,0.547097066956665,0.688092113765975,0.473470757026927,0.299315200672586,0.452622359185612,0.174155556354342,0.020848397841315,0.278466802831271,1.39561468881768,1.67272696758241,1.4301180015991
"11","1AGY",1.21382211495824,0.698560571742129,0.573200936168096,0.709048732360963,0.502750104862688,0.328559313223981,0.487986872392691,0.174190791638707,0.0147632324699972,0.313796080753984,1.11853249862917,1.39781736442926,1.13721147258408
"12","1AH7",0.763060200853846,0.58281197807765,0.646361053134101,0.671258508469046,0.450587985192088,0.417782611008624,0.339669801790783,0.032805374183464,0.110918183401305,0.306864427607319,0.998968178576406,1.04015902707223,1.17442247864783
"13","1AJ0",1.11128763992437,0.499575847761891,0.475795986361578,0.541959687817585,0.293720303219333,0.226381820637787,0.249576027667013,0.0673384825815465,0.0441442755523209,0.182237545085466,2.23337947720129,2.30990264177798,2.2867083577271
"14","1AK0",0.933127076602304,0.638657749268325,0.635449190114101,0.703676571728949,0.495160717600207,0.403795673216666,0.407883720700483,0.091365044383541,0.0872769968997242,0.316518676316942,1.08435092099751,1.2351318731449,1.23600272057009
"15","1AKO",1.74648424208216,0.549269783518252,0.465253376348769,0.562925397075209,0.316885002672282,0.21646070420393,0.301697295086187,0.100424298468352,0.0151877075860948,0.201272996617835,2.4743977832843,2.5962318703673,2.48869627217291
"16","1AMY",1.51719858117524,0.496301164648885,0.470982761729195,0.540604051066427,0.292252740029432,0.221824761846059,0.24631484603184,0.0704279781833723,0.0459378939975915,0.175886867848468,1.89389792040647,1.97866210603287,1.95172267248027
"17","1AQ2",1.25369583057573,0.608852104514292,0.65350063934381,0.70227589435166,0.493191431787424,0.427063085622768,0.370700885171482,0.0661283461646562,0.122490546615942,0.304572539006826,2.11855782908985,2.23361017120926,2.33122903959494
"18","1AQL",0.828313921030346,0.556913596149254,0.526808190026873,0.597142345889798,0.356578981254771,0.27752686907939,0.310152753575894,0.0790521121753807,0.0464262276788762,0.231100641400514,1.48883096663954,1.59709308540497,1.55468524592644
"19","1AST",1.23738130904894,0.636259475670084,0.586731236414025,0.689565681253228,0.475500828762229,0.344253543783931,0.40482612037997,0.131247284978299,0.0706747083822588,0.273578835401672,1.64631891710322,1.84892821143319,1.76231527074893
"20","1B04",1.89160018733416,0.490980105279842,0.451877998647336,0.531281012504228,0.282259514247518,0.204193725661522,0.241061463780605,0.0780657885859964,0.041198050466913,0.162995675194609,2.37568280805891,2.46573033484388,2.4248738739112
"21","1B2R",2.12721758948589,0.550685106394537,0.588751473199237,0.646928280197321,0.418516199719064,0.346628297194272,0.303254086404762,0.0718879025247911,0.115262113314302,0.231366183879971,1.77279448406418,1.87546998485248,1.9466645221939
"22","1BF2",1.52826407294732,0.471738571916542,0.524414568047067,0.559844994925996,0.313426418343688,0.275010639179992,0.222537280233859,0.0384157791636956,0.090889138109829,0.184121501070163,2.4287727850048,2.47783285909828,2.55039971623192
"23","1BG0",1.64939387166437,0.650499961585719,0.661029527685268,0.734180409815876,0.539020874157408,0.436960036471808,0.423150200023022,0.102060837685599,0.115870674134386,0.321089362337422,1.78457753424751,1.97311480320783,2.00306012482013
"24","1BH2",1.64810866070023,0.456689497811402,0.512338511060328,0.557353225271311,0.310642617720333,0.262490749915514,0.20856529741123,0.0481518678048191,0.102077320309103,0.160413429606411,2.71614850573412,2.77068136395992,2.84772220262759
"25","1BOL",1.05521089565104,0.587128350423956,0.475233320986108,0.609330618967016,0.371283803210727,0.225846709375485,0.344719699871555,0.145437093835242,0.0265641033391716,0.199282606036314,1.56082824510701,1.75031667231867,1.59286794725574
"26","1BP2",0.864886474506108,0.72816628517857,0.599692130432838,0.75179821706654,0.565200559184429,0.359630651303076,0.530226138870759,0.205569907881354,0.0349744203136702,0.324656230989405,1.45936667814025,1.81206364936087,1.51935679924694
"27","1BQC",1.01126394907902,0.619567329121149,0.59778592569164,0.664588005789543,0.441677217439322,0.357348012955012,0.383863675314314,0.0843292044843103,0.0578135421250077,0.299534470830004,1.19035170230704,1.31745968779268,1.28208089040949
"28","1BS4",1.46761210218253,0.556916238203082,0.506439975033664,0.599496981879156,0.359396631282217,0.256481448312098,0.310155696374272,0.102915182970119,0.0492409349079446,0.207240513404153,2.13580038456151,2.25994627577197,2.19736142517117
"29","1BS9",1.11294688405444,0.652858475747971,0.503597307493466,0.666170646859887,0.44378333073772,0.253610248114668,0.426224189355964,0.190173082623052,0.0175591413817569,0.236051106732912,1.22422287017756,1.4983167610427,1.24525639500492
"30","1BT1",1.17740387448495,0.583503963622378,0.571779779975304,0.629075405987816,0.395735866418735,0.326932116788607,0.340476875563025,0.0688037496301278,0.0552589908557097,0.271673125932898,1.46098344893294,1.55666105819988,1.54239217933362
"31","1BU7",1.59067611316197,0.523546303345298,0.401104761609143,0.534313535089433,0.285490953779767,0.160885029785528,0.274100731746527,0.124605923994239,0.0113902220332399,0.149494807752288,1.34145433675313,1.49327818781356,1.35279592641296
"32","1BVV",2.2135461999118,0.59957197819191,0.415430969146664,0.610240088835113,0.372392966021487,0.172582890126137,0.35948655703296,0.19981007589535,0.0129064089885264,0.15967648113761,1.88441296716676,2.13834124906006,1.89347357481102
"33","1BVZ",1.07932280553889,0.516778848960614,0.493834033582017,0.566964855351435,0.321449147203674,0.243872052723885,0.267060378733058,0.0775770944797892,0.0543887684706167,0.189483284253268,1.83103131203323,1.93236223978824,1.90466913205745
"34","1BWL",1.32686561863047,0.61748642612008,0.565392712579845,0.65793365071596,0.432876688744431,0.319668919438395,0.381289486442549,0.113207769306036,0.0515872023018815,0.268081717136513,1.74077254093785,1.91257178511985,1.82271858095047
"35","1BWZ",1.00232125556141,0.610653495086085,0.580349819127855,0.659725463815972,0.4352376876072,0.336805912561734,0.372897691060852,0.0984317750454659,0.0623399965463481,0.274465916015386,2.13697716628916,2.28266026891585,2.23416435443044
"36","1BYA",1.0568644040082,0.59043708915821,0.508958512927283,0.618248227858023,0.382230871249586,0.259038767881151,0.34861595625362,0.123192103368435,0.0336149149959664,0.225423852885184,1.65390793300061,1.82747724497534,1.70275194382544
"37","1BZC",1.87972429795468,0.6345810737795,0.627170191760579,0.682235369614964,0.465445099553666,0.393342449433001,0.402693139199143,0.0721026501206647,0.0627519603545229,0.330590489078478,1.63691117961602,1.74964938742965,1.74098828222952
"38","1C82",0.814173835663255,0.62292841743205,0.631790721169483,0.69234008075344,0.47933478741768,0.399159515355855,0.388039813244399,0.0801752720618253,0.0912949741732815,0.307864541182573,0.775217114962692,0.912821459097259,0.933964218644872
"39","1CA2",1.3142771010698,0.713286237742679,0.609987573813009,0.731732022276365,0.535431752424659,0.37208484020628,0.508777256953105,0.163346912218379,0.0266544954715543,0.345430344734726,1.33415067890611,1.61938503267146,1.38187689508139
"40","1CB8",0.837161665444732,0.594665213231027,0.636885787884879,0.686827981400663,0.47173267603491,0.405623506809743,0.353626715827103,0.0661091692251663,0.118105960207807,0.287517546601937,0.799756330054154,0.911669929958151,0.998528132651735
"41","1CBX",1.64457649095466,0.625232563378086,0.569000778283325,0.671698198915771,0.451178470426691,0.32376188568703,0.390915758308332,0.127416584739661,0.060262712118359,0.263499173568671,1.63723299220942,1.83267276893577,1.73472818631243
"42","1CDG",1.31015371091218,0.548646846565014,0.434708363001383,0.572874902914063,0.328185654388797,0.188971360863342,0.301013362245734,0.139214293525455,0.0271722921430633,0.161799068720279,1.81885177954659,2.00128220058305,1.85555159813435
"43","1CEL",1.1976108357753,0.702902589797793,0.590196376898388,0.728053481090256,0.530061871327639,0.348331763303984,0.494072050744445,0.181730108023656,0.0359898205831942,0.312341942720789,1.62442904662705,1.94197433150804,1.69351669328507
"44","1CHD",0.796582239201556,0.492212929861163,0.37718347891853,0.492310506288649,0.242369634602186,0.142267376769086,0.24227356832251,0.1001022578331,9.60662796758438e-05,0.14217131048941,2.26647412508178,2.36963296926725,2.25607797324227
"45","1CHK",1.26166103014919,0.56721046855746,0.427594922351162,0.581209115161582,0.337804035546909,0.182837417620497,0.321727715641173,0.154966617926412,0.0160763199057362,0.16676109771476,1.90721220166573,2.10017525767238,1.92250573908512
"46","1CM0",2.00990826395102,0.484756468403915,0.440519615116576,0.516018484492215,0.266275076337643,0.194057531302456,0.234988833659436,0.0722175450351862,0.0312862426782068,0.16277128862425,1.75869329544916,1.82677328034232,1.78746880025397
"47","1CNS",1.17243779295863,0.683161483009023,0.556443652592079,0.703333030689316,0.494677352058618,0.309629538510014,0.466709611867088,0.185047813548604,0.0279677401915303,0.281661798318484,1.69996435839668,1.9950488018311,1.74532447751996
"48","1COY",1.18689923337157,0.524068719518495,0.561724828981352,0.611813348689108,0.374315573634179,0.315534783494129,0.274648022777755,0.0587807901400499,0.0996675508564244,0.215867232637705,1.83460216533034,1.91629695635161,1.97835645779167
"49","1CQQ",1.49901032621212,0.46541109906049,0.366246995529092,0.470417778204979,0.221292886051309,0.134136861734086,0.216607491128694,0.0871560243172226,0.00468539492261527,0.129451466811471,2.0116408972171,2.09461734046399,2.00601638123617
"50","1CVR",0.902492661163068,0.439630527016247,0.421695758272765,0.469664612864474,0.220584848577136,0.177827312545242,0.193275000284583,0.0427575360318941,0.0273098482925529,0.150517464252689,1.43943033921873,1.48342560802837,1.46915267680427
"51","1CWY",1.34639603995147,0.633083727909343,0.617622780342143,0.697195946749545,0.486082188163994,0.381457898797558,0.400795006543591,0.104624289366436,0.0852871816204037,0.296170717177155,1.8578335367252,2.03502211615007,2.00730910694596
"52","1CZ1",1.09679322278426,0.70719159180043,0.662419791812502,0.748499926609542,0.56025214013449,0.438799980584919,0.500119947513227,0.121452159549571,0.060132192621263,0.378667787963656,1.17034330988753,1.40388380214177,1.29332903029061
"53","1CZF",0.788060478932894,0.572823297533407,0.376415016828138,0.577784636893071,0.333835086629658,0.141688264893728,0.328126530197046,0.19214682173593,0.0057085564326127,0.135979708461115,1.6110167925423,1.85225266463973,1.61343403276687
"54","1D1Q",1.09187220562604,0.585748007197067,0.624140689519337,0.65859770068197,0.433750931343578,0.389551600313674,0.343100727935334,0.0441993310299041,0.0906502034082434,0.29890139690543,1.88707396307868,1.93592667331294,2.02233224827157
"55","1D4C",0.826367649671271,0.58396011997623,0.647356173545597,0.685387241182583,0.469755670375872,0.419070015427597,0.341009421722653,0.0506856549482757,0.128746248653219,0.290323766774378,1.43365356945093,1.51784129263638,1.6474663219207
"56","1D6O",1.20420906089397,0.582356755551922,0.379362103874654,0.582435447153759,0.339231050101199,0.143915605856203,0.339139390736961,0.195315444244996,9.16593642376617e-05,0.143823946491965,2.30483211166071,2.52382700769383,2.28479187288569
"57","1DDJ",0.794082762295156,0.652309433172305,0.623210063256489,0.68152994096433,0.464483060430844,0.388390782944156,0.425507596605574,0.0760922774866872,0.0389754638252697,0.349415319118887,1.65717758301652,1.77337419617,1.71906544144687
"58","1DGK",1.33510710934355,0.525622243547588,0.437790772889983,0.553368839899819,0.306217072972071,0.191660760827609,0.276278742912,0.114556312144462,0.0299383300600711,0.161722430767538,2.24049730526834,2.38883070693451,2.28049733594857
"59","1DGS",1.48094189129597,0.442646282393054,0.420275373359067,0.50167368863865,0.251676489872309,0.176631389452103,0.195935731316391,0.0750451004202061,0.0557407585559179,0.120890630896185,2.18745394642761,2.27605407497501,2.25580748857085
"60","1DNP",1.84240089808519,0.63354297103025,0.610525543217379,0.700044567187133,0.490062396048221,0.372741438920876,0.401376696141836,0.117320957127344,0.0886856999063844,0.284055739014492,1.83876476322357,2.03717753560441,1.99477076194117
"61","1DVE",1.09104260180339,0.654405144979772,0.573353096764435,0.683125142868716,0.466659960819403,0.328733773569368,0.428246093775996,0.137926187250035,0.0384138670434064,0.290319906525962,1.36899662893247,1.57968308898234,1.42884001752637
"62","1E0C",1.08024307744958,0.586355022621144,0.538881660099046,0.611219109297595,0.373588799570546,0.290393443591104,0.343812212553042,0.0831953559794419,0.0297765870175039,0.2606168565736,1.71614118116681,1.82563742071534,1.75494887707892
"63","1E1A",0.98785654399711,0.550484703924639,0.556092316041707,0.596587992285269,0.355917232538968,0.30923866396063,0.303033409254998,0.0466785685783381,0.0528838232839699,0.25635484067666,1.30393781514846,1.3607913031701,1.37626994063639
"64","1E6E",1.2745911250696,0.538386726438571,0.691911999180688,0.709595667742865,0.503526011679443,0.478742214610216,0.289860267205241,0.0247837970692268,0.213665744474202,0.265076470136014,1.74255523860354,1.78238031322427,2.0960318220732
"65","1EB6",0.80726358888274,0.590836016645973,0.479429140197245,0.615883396833625,0.379312358495324,0.22985230047027,0.349087198566081,0.149460058025054,0.0302251599292436,0.199627140541026,1.2147321242849,1.40696335350512,1.25045030232572
"66","1EH5",1.29559907524408,0.685513714261363,0.628099211747254,0.722165823641416,0.521523476835685,0.394508619797523,0.46992905244041,0.127014857038163,0.0515944243952748,0.342914195402248,1.14115135715513,1.3618802112522,1.23617617329669
"67","1EUG",2.0120383117204,0.704274513443347,0.595050204989618,0.728833625008881,0.531198452943586,0.354084746458187,0.496002590285863,0.177113706485399,0.0351958626577223,0.318888883800464,2.21102903837345,2.51317219044458,2.27420631358649
"68","1EUU",1.23943349416095,0.333165424754037,0.441206278765655,0.453375858209567,0.205549668807261,0.194662980422237,0.110999200251538,0.0108866883850245,0.0945504685557238,0.100112511866513,1.24623899598547,1.25311551985328,1.35531409535054
"69","1EX1",1.23921711115151,0.66015169536019,0.576527928744614,0.693774755306844,0.481323411101071,0.332384452622554,0.435800260886933,0.148938958478517,0.0455231502141381,0.286861302408416,1.54712313323107,1.79283252837363,1.62788403304992
"70","1EXN",1.09545786795977,0.281274684928554,0.323696492212013,0.341005325948923,0.116284632325531,0.104779419070362,0.0791154483816571,0.0115052132551694,0.0371691839438742,0.0676102351264878,2.32205628373621,2.31960856626922,2.35553526956063
"71","1EXP",1.3233967528328,0.634218162482458,0.549289799272183,0.672417926973026,0.452145868514701,0.301719283584474,0.402232677622625,0.150426584930227,0.0499131908920765,0.251806092692398,1.57789967029976,1.80739814853054,1.6585140749844
"72","1EYP",0.977699695704148,0.489142812970684,0.395551084783138,0.498758554173933,0.248760095361673,0.156460660673118,0.239260691480874,0.092299434688555,0.00949940388079887,0.146961256792319,1.19199535445974,1.28836825887637,1.1947598524463
"73","1FF3",1.41102448907169,0.59570877733791,0.46759974440274,0.60316833275923,0.363812037643549,0.218649520965508,0.354868947397427,0.145162516678041,0.00894309024612178,0.209706430719386,2.42249850666181,2.6083275358867,2.42655975052316
"74","1FGH",1.33988086015266,0.662963871802498,0.659692097963834,0.742192488186605,0.550849689520625,0.435193664115925,0.43952109531536,0.115656025404699,0.111328594205265,0.32386506991066,2.14171960425453,2.3654830555284,2.36046910426382
"75","1FHL",1.27726697173593,0.631599085845565,0.564678587441113,0.664404910179107,0.441433884670107,0.318861907114491,0.398917405240954,0.122571977555616,0.0425164794291534,0.276345427685338,1.22275842672287,1.40891898292374,1.28998349777679
"76","1FOA",0.918193066940086,0.588060945688046,0.633593103964412,0.657533053133868,0.432349715963546,0.401440221391259,0.345815675843519,0.0309094945722869,0.0865340401200262,0.314906181271233,1.4024540774322,1.44353548380186,1.53835030530094
"77","1G24",0.732855184088483,0.489219826040598,0.623942478636997,0.636414914935831,0.405023943952781,0.38930421664768,0.239336038191193,0.0157197273051009,0.165687905761588,0.223616310886092,0.56246613437674,0.568843188423367,0.79823848076992
"78","1G6T",1.28444792883065,0.631778387556537,0.628932807501817,0.710662224838112,0.505040797811855,0.395556476352117,0.399143930983539,0.109484321459738,0.105896866828317,0.289659609523801,2.05450818879447,2.24481770487294,2.24361532066034
"79","1G8O",1.38185766426743,0.668626207323181,0.539238156672565,0.680350958170488,0.462877426283501,0.290777789611626,0.447061005119381,0.172099636671875,0.0158164211641192,0.274961368447507,1.42221466925945,1.685872948292,1.44406864220857
"80","1GA8",0.881232541833532,0.534485519128296,0.615493564553597,0.63066308172154,0.39773592264651,0.378832328006893,0.285674770157845,0.018903594639617,0.112061152488665,0.266771175518228,1.09910448636067,1.1148597044009,1.26214355528999
"81","1GAL",0.856274543118498,0.464776466412222,0.570871902475313,0.587749815228493,0.345449845301128,0.325894729035784,0.216017163730631,0.0195551162653445,0.129432681570497,0.196462047465287,2.16260352344449,2.18507312390096,2.33955216270107
"82","1GCU",0.946150256163326,0.524956831318447,0.534271170768433,0.576593227095583,0.332459749532498,0.285445683914272,0.275579674747904,0.0470140656182262,0.0568800747845937,0.228565609129678,1.28218448295904,1.33621007436135,1.35691534671675
"83","1GOG",1.20112448591064,0.627714007858434,0.599206118402043,0.681541800777529,0.464499226207077,0.359047972330443,0.394024875661698,0.105451253876635,0.070474350545379,0.288573621785064,1.14803157343489,1.32145486449376,1.26849869720444
"84","1GP5",1.18505091155851,0.566453094193998,0.535208407977375,0.601410361247508,0.361694422615858,0.286448039969676,0.320869107921954,0.0752463826461813,0.0408253146939032,0.245622725275773,1.82252395129503,1.92216347663584,1.87860415110909
"85","1GQ8",1.25517836511909,0.645176063929544,0.51659665663032,0.660132816830751,0.435775335856901,0.266872105641625,0.416252153467619,0.168903230215277,0.0195231823892823,0.247348923252342,1.70502901847517,1.95403598025541,1.73259480039045
"86","1H19",1.26042636602301,0.6416313276642,0.698107913471217,0.758339303586315,0.575078499363778,0.487354658851137,0.411690760640124,0.087723840512641,0.163387738723653,0.323966920127483,1.45467851270021,1.6357249738506,1.77670464175555
"87","1H3I",1.18149620684106,0.393145363190291,0.191380720335645,0.403546230756188,0.162849560357526,0.0366265801161905,0.154563276598026,0.126222980241336,0.00828628375950005,0.0283402963566904,2.18456077249912,2.31101341101023,2.18739377560163
"88","1HKA",0.765735018365687,0.444303578935906,0.407345422576154,0.46454022584315,0.215797621426405,0.165930293293745,0.197405670255255,0.0498673281326592,0.0183919511711494,0.147538342122596,2.20702520996233,2.24219393694972,2.21688093719884
"89","1HPM",1.81869521472515,0.346789688393179,0.437644744746084,0.462152121790061,0.213584583675056,0.191532922603865,0.120263087975838,0.0220516610711907,0.0933214956992175,0.0982114269046475,3.44750610378246,3.46437983454973,3.55423889020696
"90","1HQC",0.674527856316577,0.288572355707648,0.197706336715348,0.290268475129876,0.0842557876542232,0.0390877955774028,0.0832740044786612,0.0451679920768205,0.000981783175562023,0.0381060124018407,3.36621904179293,3.40133677521112,3.36075545363586
"91","1I1E",0.891533479683227,0.476325639729663,0.359558372783175,0.488576350977644,0.23870685073463,0.129282223438485,0.226886115063872,0.109424627296145,0.0118207356707576,0.117461487767727,1.28365691841403,1.41483133609031,1.29750107486811
"92","1I1I",0.751106974099202,0.486560308032137,0.524289409388502,0.574843203718277,0.330444708861092,0.274879384796944,0.236740933352328,0.055565324064148,0.0937037755087647,0.18117560928818,2.03086851847245,2.10451386179822,2.15880822528112
"93","1I9A",2.16717479716011,0.492801276939761,0.518865815139595,0.559116392699411,0.312611140585202,0.269221734120476,0.242853098553459,0.0433894064647256,0.0697580420317424,0.199463692088734,2.11626544730471,2.15367236417511,2.20095147763787
"94","1IDJ",1.06305022512154,0.609419118694291,0.554083865363967,0.64985501502873,0.42231154055799,0.307008929856674,0.371391662230126,0.115302610701316,0.050919878327864,0.25608905152881,1.36589136063871,1.53651083309337,1.44466756148356
"95","1IG8",0.899732457874451,0.562484129773333,0.640725820849901,0.682239214279656,0.465450345500922,0.410529577503779,0.316388396246864,0.0549207679971426,0.149061949254058,0.261467628249722,1.70463723730874,1.79377946870208,1.94626438426065
"96","1IM5",1.84233444357178,0.632034621020543,0.507880815813712,0.65534266188693,0.429474004489047,0.257942923071601,0.399467762168582,0.171531081417446,0.0300062423204657,0.227936680751136,1.73695710086063,1.97657479093345,1.77652339425944
"97","1INP",0.741361723001268,0.51780923802127,0.595290722770561,0.608338592821836,0.370075843516451,0.354371044616697,0.268126406980168,0.0157047988997546,0.101949436536283,0.252421608080414,1.72921742099994,1.743665363885,1.8741241579078
"98","1IU4",1.98669184710829,0.342972510460659,0.240667127364143,0.344682048105449,0.118805714286167,0.0579206661937086,0.117630142931687,0.0608850480924584,0.00117557135448033,0.0567450948392282,2.36879043556874,2.42325703948467,2.36393235906691
"99","1J00",1.69676313807435,0.559689994666432,0.398170249223333,0.567386453624049,0.321927387756075,0.158539547366571,0.313252890129711,0.163387840389504,0.0086744976263638,0.149865049740207,2.10677627104779,2.29899866893941,2.10758810288678
"100","1J09",1.52414931830383,0.500218968677573,0.533481018094607,0.587970468663952,0.345709272020908,0.284601996667259,0.250219016624855,0.0611072753536492,0.0954902553960528,0.189111741271206,2.02507195781806,2.1056827356122,2.15695372543365
"101","1JH6",0.801012198782785,0.583866315198819,0.514043093508616,0.605102872366171,0.366149486145791,0.264240301983908,0.340899874023847,0.101909184161883,0.0252496121219435,0.238990689861964,1.08379805265368,1.20990584139599,1.11130412740433
"102","1JMS",1.25902663359433,0.556442464792294,0.606898993653576,0.660052469274493,0.435669262195356,0.368326388497723,0.309628216624123,0.0673428736976329,0.126041045571233,0.24228534292649,1.44437411067074,1.54577571027506,1.64028260678453
"103","1JOA",2.13852572487574,0.483526032476492,0.457583713102915,0.535755695877283,0.287034165664952,0.209382854497052,0.233797424082457,0.0776513111678998,0.0532367415824943,0.156146112914557,1.9956685508167,2.0899376428623,2.06311571499825
"104","1JS4",1.25974252890772,0.614856188693864,0.606007530712067,0.683147082502409,0.466689936331552,0.367245127279737,0.378048132775144,0.0994448090518159,0.088641803556408,0.278603323723329,1.60165818324643,1.76594948045658,1.75206792885376
"105","1K30",2.01957534212024,0.517482026556976,0.501637946350888,0.567841907745071,0.322444432191562,0.251640629219136,0.267787647809514,0.0708038029724258,0.0546567843820478,0.196983844837089,1.59753972644727,1.68569620536684,1.66948545186999
"106","1KL7",1.50901660037109,0.566440695197513,0.679569191597723,0.703277851469031,0.494599736366895,0.461814286168782,0.320855061175842,0.0327854501981135,0.173744675191053,0.288069610977729,1.9347609756243,1.98954969560087,2.22620461412565
"107","1KNP",1.05388113687179,0.542942333156348,0.549861381391682,0.601213289779433,0.361457419807409,0.302347538745969,0.294786377133259,0.0591098810614397,0.0666710426741497,0.235676496071819,2.671185618806,2.7520557171244,2.76665942163458
"108","1L1D",1.49882784292086,0.717104014088983,0.579751259719118,0.723425782809173,0.523344863233065,0.336111523145905,0.514238167022532,0.187233340087161,0.00910669621053262,0.327004826935372,2.19712393626277,2.49882768722876,2.20113323903802
"109","1L1L",1.25704651207797,0.434111905064259,0.580362990636826,0.592772611411976,0.351379368840174,0.33682120090092,0.18845314611852,0.0145581679392537,0.162926222721654,0.173894978179266,2.25069689503021,2.26725981447331,2.47197020777969
"110","1L6P",2.42059483893187,0.560388768864603,0.2597944877369,0.565232972750139,0.319488313483959,0.0674931758584784,0.314035572269585,0.251995137625481,0.00545274121437445,0.0620404346441039,1.7650149069672,2.04497916904645,1.75531221739933
"111","1L7N",1.27552202149857,0.592278574887474,0.524316926745998,0.626030439608021,0.391914111315812,0.274908239672369,0.350793910270737,0.117005871643443,0.0411202010450747,0.233788038627294,2.12625668994723,2.28224264923096,2.18164345948073
"112","1L7Q",1.31507414614216,0.581113086360675,0.417822099091453,0.587172453556912,0.344771490216044,0.174575306489188,0.33769241913963,0.170196183726856,0.00707907107641353,0.167496235412774,1.44835642582553,1.67217839292883,1.45555018778471
"113","1L8T",0.87679794189404,0.471108073868464,0.623626885404098,0.634458766154844,0.402537925950727,0.388910492198816,0.221942817264054,0.0136274337519114,0.180595108686673,0.208315383512143,1.57273639455066,1.57966589298943,1.82900387952016
"114","1L9X",1.11402424284346,0.594761035531309,0.580744513670254,0.633694563901323,0.401568800318088,0.337264190158099,0.353740689386275,0.0643046101599883,0.0478281109318127,0.289436079226287,1.59840921527708,1.68624062186564,1.66815669365482
"115","1LBA",1.76749305875993,0.547303260167401,0.577783344108978,0.631400313755127,0.398666356210073,0.333833592729753,0.299540858589865,0.0648327634803199,0.0991254976202079,0.234708095109546,1.74405431031421,1.81767832149559,1.88215635087831
"116","1LDM",2.12160516379493,0.51612058259412,0.589757391649262,0.619948097059455,0.38433564304764,0.347813781004941,0.266380455777293,0.0365218620426992,0.117955187270347,0.229858593734594,2.0571585799838,2.10236535375454,2.22621738257517
"117","1LJL",0.859543553457532,0.504263819876836,0.529362308323805,0.561090467114735,0.314822512287031,0.280224453473907,0.254282000036778,0.0345980588131243,0.0605405122502534,0.219683941223653,2.12481835374826,2.14157592836286,2.19310700311953
"118","1LVH",0.915671212950121,0.568074353071544,0.599709426327051,0.642311702723553,0.41256432345563,0.359651396025521,0.322708470617653,0.0529129274301094,0.0898558528379771,0.269795543187544,1.51955468352869,1.58702452940746,1.6524582053837
"119","1M53",1.1929624745987,0.625678940961267,0.655301931303484,0.710806383950745,0.505245715465135,0.429420621170076,0.391474137162412,0.0758250942950589,0.113771578302722,0.315649042867353,2.05704114110577,2.1923464121321,2.2603698197503
"120","1MBB",1.58573970164406,0.60237576851464,0.663095404873262,0.71667928240649,0.513629193830682,0.439695515964036,0.362856566493603,0.0739336778666456,0.150772627337078,0.288922888626958,1.81260473684166,1.94210262484796,2.07660477460915
"121","1MJ9",1.04872711291683,0.411004850670901,0.517147153924955,0.524437396074746,0.27503458240166,0.267441178812682,0.168924987275009,0.00759340358897836,0.106109595126651,0.161331583686031,2.25198361101079,2.2473673653337,2.38103380240522
"122","1MLA",1.03327721982032,0.556588108974327,0.58979628311055,0.648501927166867,0.420554749539141,0.34785965557102,0.309790323051617,0.0726950939681205,0.110764426487524,0.237095229083497,2.03972467830565,2.14449165459292,2.20791581640728
"123","1MRQ",1.15460003789682,0.574983598799449,0.52336345522428,0.611949231149231,0.374481861504135,0.273909306264297,0.330606138888366,0.100572555239839,0.0438757226157689,0.230033583648528,1.78777561796572,1.92421298690373,1.84921945281223
"124","1MUD",1.99360726374874,0.658624055806623,0.483111047362171,0.671986359791632,0.451565667746009,0.233396284083374,0.433785646887165,0.218169383662636,0.0177800208588437,0.21561626322453,2.30134651905613,2.61790335078403,2.32403737608453
"125","1MUG",1.51000315902332,0.590407417150984,0.559915048233449,0.626484278076187,0.392482550676641,0.313504861238265,0.348580918226897,0.0789776894383758,0.0439016324497445,0.269603228788521,1.75508015079915,1.85198975484663,1.81211951946971
"126","1NDH",1.34887054498243,0.51789862310633,0.440167085418641,0.54080916047612,0.292474548054886,0.193747063085941,0.268218983815432,0.0987274849689451,0.0242555642394539,0.169491498846487,1.97549925504043,2.09091575663979,2.0015746744083
"127","1NDI",1.24196401634119,0.661915115628291,0.633202893964037,0.714914110832874,0.51110218586796,0.400945904924432,0.438131620297214,0.110156280943528,0.0729705655707461,0.327975339353686,1.32763738162176,1.5240447695958,1.46335026180314
"128","1NLU",0.81178985331466,0.60058956211657,0.606090741788892,0.651525197448128,0.424485082909823,0.367345987282209,0.360707822123373,0.0571390956276136,0.0637772607864497,0.303568726495759,1.39863775850279,1.48221663639586,1.49817915168851
"129","1O8A",1.39798213600178,0.707170909793588,0.565990974871352,0.733335740332815,0.537781308049478,0.320345783635824,0.500090695658292,0.217435524413653,0.0376906123911861,0.282655171244638,1.21955175993997,1.5980432851339,1.29440687414447
"130","1O98",1.38583350464531,0.598698117758427,0.664851876625837,0.712174123112095,0.507191981630481,0.442028017852898,0.358439436207483,0.0651639637775832,0.148752545422998,0.2932754724299,1.87371165321986,1.98993284247256,2.13350373158923
"131","1OG1",0.941987880867782,0.635839244735183,0.605380952625576,0.681818487708927,0.464876450181689,0.366486097801849,0.404291545145408,0.0983903523798392,0.0605849050362808,0.305901192765569,1.04348446327435,1.19375332385969,1.14143819904303
"132","1OGO",0.90621775346852,0.351735923258637,0.404463839653425,0.418023701749276,0.174743815224168,0.163590997587192,0.123718159710606,0.0111528176369758,0.0510256555135618,0.11256534207363,1.11474395085199,1.12108834603733,1.17119189323964
"133","1OJ4",1.11916894948535,0.59061877605591,0.642114673059607,0.680823612950762,0.463520791951329,0.412311253358446,0.348830538629781,0.0512095385928828,0.114690253321548,0.297621000036898,2.13154383000532,2.20790026422888,2.31785219841823
"134","1ONR",1.20776249336459,0.667828131800687,0.711631918476052,0.761487870008795,0.579863776170531,0.506419987393905,0.445994413624396,0.0734437887766259,0.133869362546135,0.37255062484777,2.07760566942136,2.22576772699915,2.34770873524936
"135","1OPM",1.62433222573127,0.499743727792029,0.464563634847607,0.537964142800311,0.289405418938873,0.215819370822821,0.249743793467473,0.0735860481160524,0.0396616254714004,0.176157745351421,1.39832117577252,1.48365831401509,1.44601220992451
"136","1OXA",2.16254589651969,0.516484491647141,0.420115457557593,0.540623439472716,0.29227370330731,0.176496997678825,0.266756230112005,0.115776705628484,0.0255174731953042,0.150979524483521,1.6299065945364,1.77131585508319,1.66026446489985
"137","1OYG",1.04925904706171,0.546495294102326,0.658134508166626,0.672154014809127,0.451791019624028,0.433141030839727,0.298657106475988,0.0186499887843013,0.153133913148041,0.280007117691687,1.17483223351569,1.19904872284175,1.41654324805184
"138","1P1X",0.885961343782656,0.597387275568486,0.545052116108805,0.628396334906272,0.394881953723636,0.297081809274687,0.356871557011138,0.0978001444489492,0.0380103967124975,0.259071412562189,2.11140000239609,2.24475822972761,2.16405808836782
"139","1P3D",1.62969126267224,0.543232644240508,0.586168494504371,0.647813490528264,0.419662318510413,0.343593503949521,0.295101705768534,0.0760688145608924,0.124560612741879,0.219032891207642,2.10754447004544,2.2216651739543,2.29745298341157
"140","1P5D",1.57131298258235,0.586950659311144,0.654249398507012,0.703659883137005,0.495137231136383,0.428042275446787,0.344511076465787,0.0670949556895959,0.150626154670596,0.277416120776191,1.73144668303277,1.84727692369919,1.98805740223217
"141","1PA9",1.08802637109874,0.433291264322934,0.550211222087855,0.557823567557591,0.311167132522678,0.302732388911411,0.187741319738567,0.00843474361126711,0.123425812784111,0.179306576127299,1.84693520929035,1.84440149774942,2.00437650300925
"142","1PII",1.04639095932025,0.647414956314189,0.578378320348869,0.688116383922597,0.473504157822711,0.33452148144958,0.419146125659303,0.138982676373132,0.0543580321634085,0.280163449286171,1.94694827143526,2.17222278988998,2.04069982047166
"143","1PKN",1.0670455471442,0.449580374976056,0.507149616082216,0.532206198105638,0.283243437302058,0.25720073309234,0.202122513563611,0.026042704209718,0.0811209237384464,0.176079809353893,2.30836325904796,2.33616353699699,2.41162967157715
"144","1PMI",1.08116268877197,0.588749834869544,0.66123101618369,0.694187129086769,0.481895770189732,0.437226456763317,0.346626368058915,0.0446693134264149,0.135269402130817,0.3019570546325,1.74531138664258,1.81877477721539,1.97265475526326
"145","1PP4",1.87729607978492,0.600145158650145,0.513995966147736,0.634537075988492,0.402637300804026,0.264191853216145,0.360174211451207,0.138445447587881,0.0424630893528184,0.221728763863327,1.42829555164547,1.61904408605416,1.48808017435749
"146","1PS9",1.28365123686017,0.574881553365655,0.607192469712538,0.673705568917927,0.453879193591028,0.368682695275611,0.330488800400109,0.085196498315417,0.123390393190919,0.245292302084692,2.24940345482884,2.38834785458997,2.45009462993112
"147","1PTD",0.843836759482941,0.556870931726118,0.612711505093601,0.636424539549753,0.405036194541115,0.375415388474066,0.310105234601515,0.029620806067049,0.0949309599396001,0.280484428534466,1.12981534170996,1.16456204459364,1.27091037749157
"148","1PUD",1.65799746699003,0.552667719323568,0.46811096377505,0.579443790550272,0.335755106407267,0.219127874406406,0.305441607982314,0.116627232000861,0.0303134984249535,0.188814375981453,2.53034539635326,2.68114764729923,2.56947671836367
"149","1PYL",0.774838583535786,0.554169240762146,0.384601384824591,0.55547766217514,0.308555433175558,0.147918225208993,0.307103547406893,0.160637207966566,0.00145188576866517,0.146466339440328,2.13531545284987,2.29880434263096,2.11445821463846
"150","1Q91",0.680741491023289,0.548297059271844,0.547239134635744,0.598495102822778,0.358196388102848,0.299470670476879,0.300629665206152,0.0587257176259695,0.057566722896696,0.241903947580183,1.11612881941557,1.18229706335593,1.19127777654269
"151","1QAM",0.979362916523315,0.377171035034452,0.45627153737089,0.46909512067891,0.220050232244761,0.208183715814796,0.14225798966896,0.0118665164299657,0.0777922425758011,0.130391473238994,2.40672504318613,2.40428369699867,2.49299031018107
"152","1QAZ",0.522693433059333,0.318914083468585,0.262666693901871,0.324667470864738,0.105408966637706,0.0689937920853393,0.101706192634607,0.0364151745523664,0.00370277400309837,0.0652910180822409,1.15628431016576,1.18455645313876,1.15458451577042
"153","1QBA",1.12208403931684,0.606995374862626,0.605607337458415,0.680609859237972,0.463229780491933,0.36676024718347,0.368443385104619,0.0964695333084622,0.0947863953873133,0.271973851796157,1.4442152535572,1.60479395314619,1.60447983406847
"154","1QFM",1.57200718954647,0.588208183310233,0.583284821933868,0.662240032092946,0.438561860106466,0.340221183498424,0.345988866913125,0.0983406766080424,0.0925729931933411,0.247648190305083,1.66344884070988,1.81912132858946,1.81320224607334
"155","1QGX",1.12878699502446,0.594457377577339,0.641370631982275,0.671855719798513,0.451390108225978,0.411356287569343,0.353379573756127,0.0400338206566356,0.0980105344698513,0.313345753099491,1.61268101071672,1.67158787485764,1.77127307749902
"156","1QJE",1.59434623635123,0.483117995632606,0.507668838688426,0.559255585859626,0.312766810315193,0.257727649775255,0.233402997704066,0.0550391605399385,0.079363812611127,0.178363837164128,1.77656523640647,1.84110875307977,1.87958394336875
"157","1QK2",1.08241196521266,0.606622705682535,0.566291578438689,0.644565845464339,0.415465129139158,0.320686151810582,0.3679911070496,0.0947789773285762,0.0474740220895578,0.273212129721024,1.41938513741455,1.55841668333748,1.49183888736082
"158","1QWN",1.28582607934291,0.513421228585612,0.606783684095669,0.63338863023712,0.401181156913655,0.368186439284712,0.26360135796236,0.0329947176289427,0.137579798951295,0.230606640333417,1.72679686531326,1.77645993345465,1.93162130232409
"159","1R1J",1.3162708360842,0.538536389665816,0.549008286077348,0.621803724385222,0.386639871659333,0.301410098181587,0.290021442994292,0.0852297734777459,0.0966184286650413,0.204791669516546,1.63956332804258,1.76386953868362,1.78293894393691
"160","1R44",0.914807409666186,0.606794153518632,0.62509096579668,0.684283970249592,0.468244551940544,0.390738715520626,0.368199144744393,0.0775058364199186,0.100045407196152,0.290693308324474,1.48942130381313,1.60497618396726,1.65150573955257
"161","1R4Z",0.951535707497828,0.579312143825721,0.4969542150612,0.593155177288039,0.351833064343605,0.246963491867093,0.335602559983953,0.104869572476512,0.0162305043596515,0.230732987507441,1.21987330354681,1.3465889950522,1.23291425106512
"162","1RBN",0.785791062837028,0.697718861221229,0.497803616085987,0.698921615005041,0.488491423921254,0.247808440188285,0.486811609303849,0.24068298373297,0.0016798146174053,0.246128625570879,1.29421889942381,1.64567653343156,1.28027066797196
"163","1RDD",2.63435504067984,0.515217038728344,0.369182981391095,0.520418109744575,0.270835008950117,0.136296073748817,0.265448596996004,0.134538935201299,0.00538641195411277,0.130909661794705,2.77369670922122,2.91600916591581,2.76745842048633
"164","1RU4",0.587663969833229,0.556518014922187,0.532278301731462,0.599672594863548,0.359607221030382,0.283320190494129,0.309712300932931,0.0762870305362526,0.0498949200974506,0.233425270396678,0.869206309797048,0.971576177875163,0.939131421004521
"165","1S3I",0.82576952148659,0.412313071899172,0.516677778521383,0.528696372428195,0.279519854218734,0.266955926817792,0.170002069258932,0.0125639274009419,0.109517784959802,0.15743814185799,2.36600070782296,2.36995650464583,2.50081797060797
"166","1S95",1.15358379730626,0.547686704174093,0.552889185106843,0.594805360954526,0.353793417420244,0.305686451008109,0.29996072592908,0.0481069664121347,0.0538326914911634,0.251853759516945,2.37759630069284,2.43678340821638,2.4512851301353
"167","1SCA",0.983273219737576,0.751966686882607,0.647517490042538,0.772178741104907,0.596260008214359,0.419278899910989,0.565453898181205,0.176981108303369,0.0308061100331538,0.388472789877836,1.19236816133878,1.54088805323433,1.25838156275389
"168","1SLL",0.876762453588972,0.425502731082358,0.434006233496417,0.480166460048373,0.230559829355386,0.188361410713746,0.181052574158546,0.0421984186416396,0.04950725519684,0.138854155516906,1.34493437939393,1.39237405764359,1.40431052145487
"169","1SML",0.954247646514786,0.550152954387236,0.469099418538168,0.558208074949979,0.311596254939361,0.220054264472848,0.302668273221004,0.0915419904665137,0.00892798171835746,0.21112628275449,1.4837734431582,1.59318007050213,1.4889085936189
"170","1SNZ",1.25058185916757,0.604000309996192,0.417607979378935,0.608529855563474,0.370308585112103,0.174396424440957,0.364816374475496,0.195912160671146,0.00549221063660743,0.16890421380435,1.77440941292588,2.03342564197716,1.77714190108721
"171","1TAH",1.04731866403488,0.428112977647026,0.473730322417051,0.495751802633051,0.245769849813919,0.224420418377364,0.183280721629803,0.0213494314365559,0.062489128184116,0.161931290193248,1.72290199259213,1.73795433656358,1.79604904229974
"172","1TLP",1.37208473000705,0.641143468062169,0.575492947814796,0.687028672201639,0.472008396427148,0.331192132984563,0.411064946638785,0.140816263442584,0.0609434497883623,0.270248683196201,1.65600673133164,1.87947925470605,1.75874955826956
"173","1U3F",1.51951864568955,0.441483117554511,0.48790328457059,0.508888245565747,0.258967246474984,0.23804961509477,0.19490734308565,0.020917631380214,0.0640599033893335,0.173989711705437,1.88361484637352,1.88598171724811,1.95371292740917
"174","1U5U",0.714608154469638,0.248776751390597,0.34404682300055,0.34565920329605,0.11948028482326,0.118368216416772,0.0618898720324591,0.00111206840648778,0.0575904127908007,0.0607778036259713,2.587440334616,2.57756112487681,2.64520928618739
"175","1UAS",1.56007476304153,0.674896374581235,0.620780049539254,0.725050109498258,0.525697661283437,0.385367869905959,0.455485116422894,0.140329791377478,0.0702125448605426,0.315155325045416,1.62919882143594,1.87711088176736,1.76159994702772
"176","1UN1",1.173287359341,0.572685083517505,0.537632400362723,0.610615285980696,0.372851027473287,0.289048597919784,0.327968204883452,0.0838024295535037,0.0448828225898356,0.244165775329948,2.18593877386317,2.29597590568429,2.24733965634855
"177","1VID",0.860494544099477,0.545113122230512,0.532220700389607,0.583521860796165,0.34049776202702,0.283258873923204,0.297148316027897,0.0572388881038154,0.0433494459991226,0.239909427924082,1.62750767024928,1.69132310915285,1.68141479386301
"178","1VLB",1.21832206934971,0.578122640758882,0.523598897693732,0.620341820697414,0.384823974506183,0.274155805666092,0.334225787758024,0.110668168840091,0.0505981867481589,0.223557618917933,1.39863102246643,1.55961355789578,1.47544850637172
"179","1VNC",0.670084808740213,0.524929797638078,0.525027602685107,0.566356558707676,0.320759751591201,0.27565398358127,0.275551292448354,0.0451057680099305,0.0452084591428469,0.230445524438423,0.989302669065299,1.04656727362995,1.05021774210441
"180","1VQ1",1.33051084114862,0.54745084937239,0.538342699065605,0.605723029800203,0.366900388830338,0.28981286163724,0.299702432478552,0.0770875271930973,0.0671979563517862,0.222614905285454,1.84734821413483,1.94662581466483,1.9403840531566
"181","1W0H",0.638585721809806,0.582766740118593,0.617714957855878,0.661725732700296,0.437880945317744,0.38157176915889,0.339617073388452,0.0563091761588538,0.0982638719292916,0.283307897229598,1.3587062055153,1.43278805069009,1.50906330063545
"182","1XQW",1.05035855840861,0.665764828679152,0.583163552638774,0.683615525283736,0.467330186408959,0.340079729126276,0.443242807106181,0.127250457282683,0.024087379302778,0.315992349823498,1.38195910071729,1.58204348801684,1.41909542623513
"183","1Y9M",1.0537626991458,0.590692453400714,0.643263115836898,0.681877223152432,0.464956547454072,0.413787436196194,0.348917574504555,0.051169111257878,0.116038972949518,0.297748463246676,1.46449194427707,1.54798354280497,1.65685113525795
"184","1YON",1.01478124333953,0.57843039716825,0.60051523474571,0.649853539236328,0.422309622457982,0.360618547161695,0.33458172436822,0.0616910752962867,0.0877278980897623,0.272890649071933,1.58268143250963,1.67011088141814,1.71701798407053
"185","1YSC",1.01089178399005,0.668706273304459,0.642636131686476,0.71172521762889,0.50655278540889,0.412981197748957,0.447168079956738,0.0935715876599329,0.0593847054521526,0.353596492296805,1.57540332084953,1.73938288817848,1.68419916225651
"186","1ZE1",0.646802898641632,0.390180296793653,0.434431652004914,0.457490571463183,0.20929762297771,0.188730860263719,0.152240664005983,0.0205667627139914,0.0570569589717277,0.131673901291991,2.23244061665261,2.2448309558246,2.29544997681493
"187","1ZIO",1.26287308143446,0.539605730112763,0.568164653140121,0.621091738585744,0.385754947739463,0.322811073077833,0.291174343970529,0.0629438746616292,0.094580603768934,0.228230469308899,2.30317022893718,2.38168231108323,2.43681903258977
"188","206L",1.25213771612872,0.604064800526328,0.451786557430408,0.623439696037178,0.388677054594929,0.204111093474819,0.364894283234913,0.184565961120109,0.0237827713600162,0.180328322114803,1.55616608997432,1.79420214834859,1.58135145588157
"189","2A0N",1.36320957606714,0.421384339813958,0.497249821313396,0.514635846120152,0.264850054111804,0.247257384796204,0.177564761840446,0.0175926693156001,0.0872852922713588,0.159972092524846,2.82938197289824,2.8366395504262,2.93334840099312
"190","2ABK",1.17555865083125,0.47963895972061,0.533519616201909,0.57119702877017,0.32626604567587,0.284643180872232,0.230053531681869,0.0416228648036384,0.0962125139940015,0.188430666878231,2.34379114679862,2.3841331240501,2.46742738688968
"191","2ACY",1.90919997328101,0.525356968569152,0.356479699973963,0.525374312447229,0.276018168179398,0.127077776493526,0.275999944424169,0.148940391685872,1.82237552292519e-05,0.127059552738297,1.96150979088038,2.1046737115744,1.93934324398558
"192","2AYH",1.60073255705683,0.589215587977681,0.555760223905527,0.645967200450894,0.417273624058366,0.308869426475521,0.347175009115885,0.108404197582845,0.0700986149424814,0.23877081153304,1.5287052548768,1.67999611976596,1.63259051883854
"193","2CPO",0.8766640957984,0.40036024089324,0.372011587525922,0.420907729097728,0.177163316414206,0.138392621253557,0.160288322488093,0.0387706951606494,0.0168749939261131,0.121517627327444,1.26983595585472,1.30213347280491,1.28324121608553
"194","2CPU",1.11347695974819,0.700693122399927,0.603550562742934,0.730388376653097,0.533467180749946,0.364273281787312,0.490970851778559,0.169193898962635,0.042496328971387,0.321776952815925,1.57446226002887,1.87570622346729,1.65753259935237
"195","2DLN",1.26829703341038,0.634175701440674,0.700867728185857,0.742564182472459,0.551401565090992,0.491215572412404,0.402178820297771,0.0601859926785875,0.149222744793221,0.341992827619184,1.77830644459394,1.89082596379145,2.05875946656102
"196","2EBN",1.39306372673532,0.451132140920952,0.416912405327449,0.481135380134922,0.231491254017576,0.173815953715919,0.203520208571922,0.0576753003016572,0.0279710454456543,0.145844908270265,1.30977730111576,1.36775589123051,1.33830799952106
"197","2ENG",1.09857497534338,0.644214953229062,0.470469056814978,0.646756937210481,0.418294535829883,0.221341133420376,0.415012905963923,0.196953402409507,0.00328162986595981,0.218059503554416,1.84520461330643,2.11661538717618,1.84068090076376
"198","2F61",1.30605947541888,0.593540000147215,0.61436035948227,0.661102755578473,0.43705685343345,0.377438651303184,0.352289731774756,0.0596182021302665,0.0847671216586946,0.292671529644489,1.281730754952,1.37423129391593,1.41790581714259
"199","2F9R",1.23671758639373,0.50525759468163,0.455224473298322,0.530035401655957,0.280937527008591,0.207229321089735,0.255285236983467,0.0737082059188562,0.0256522900251249,0.18157703106461,1.53478855577076,1.6179872798053,1.56262247433029
"200","2NLR",1.06871818772309,0.522176412266825,0.446444815071934,0.54407462438193,0.296017196896339,0.199312972904613,0.272668205527853,0.0967042239917253,0.0233489913684853,0.175963981536128,1.19338661900779,1.30350131428659,1.21667202885533
"201","2NMT",1.5951812238524,0.563794773013874,0.483924058588069,0.584462969109358,0.341596962260127,0.234182494480349,0.317864546077766,0.107414467779778,0.0237324161823613,0.210450078297987,1.98391764418772,2.12540616602479,2.01449804663354
"202","2PEC",1.02785895704829,0.413454126471129,0.510192487444095,0.525947476205789,0.276620747727239,0.260296374244393,0.170944314696004,0.0163243734828458,0.105676433031235,0.154619941213158,1.45264008993454,1.46336261492539,1.58318040048224
"203","2PIA",1.27937721763661,0.615662263567412,0.616349209601129,0.690248484353634,0.476442970152488,0.379886348175936,0.37904002278095,0.0965566219765523,0.0974029473715383,0.282483400804398,1.47428245704549,1.63080142442126,1.63851411316427
"204","2PTH",1.30524740166749,0.433477589519541,0.408573837855972,0.471234321942553,0.222061786176658,0.166932580980358,0.187902820615672,0.0551292051962995,0.0341589655609858,0.132773615419372,2.0509075329482,2.09787444278199,2.08307328090511
"205","2SQC",1.30168467151821,0.593860049453572,0.598582645548875,0.659111344535138,0.434427764494918,0.358301183552291,0.352669758336998,0.0761265809426274,0.0817580061579198,0.276543177394371,1.70174363347372,1.82153129810372,1.83351026232075
"206","2THI",1.17764876328396,0.395719538375299,0.41586429934747,0.446694482441153,0.19953596064337,0.172943115471762,0.15659395305196,0.0265928451716075,0.0429420075914103,0.130001107880352,1.45328382631929,1.47469879216691,1.49989154158406
"207","2TPS",0.785486276356335,0.615045447659211,0.604685175949599,0.659239612300286,0.434596866425831,0.365644162013197,0.378280902686319,0.0689527044126338,0.056315963739512,0.309328198273685,1.62409269916584,1.72090189204951,1.70987002239671
"208","5EAT",1.05638149074759,0.456672079155256,0.270220480797102,0.456685831612128,0.208561948795261,0.073019108242217,0.208549387879985,0.135542840553043,1.25609152757944e-05,0.0730065473269412,1.40643531807517,1.55689783278556,1.4026345596607
"209","7ATJ",0.990256054492813,0.686478489384894,0.566583643438024,0.709079307943518,0.502793464953658,0.321017025011506,0.471252716388166,0.181776439942152,0.0315407485654919,0.289476276446014,1.77462683524742,2.07279575203547,1.82939881312061
